id,player name,country,rating,traits
209331,Mohamed Salah,Egypt,91,"Low Driven Shot,Gamechanger,Whipped Pass,Inventive,Technical,First Touch"
231747,Kylian Mbappé,France,91,"Finesse Shot,Acrobatic,Low Driven Shot,Gamechanger,Rapid,First Touch"
203376,Virgil van Dijk,Holland,90,"Precision Header,Pinged Pass,Jockey,Anticipate,Aerial Fortress,Bruiser"
231443,Ousmane Dembélé,France,90,"Low Driven Shot,Pinged Pass,Inventive,Trickster,Quick Step"
231866,Rodri,Spain,90,"Power Shot,Long Ball Pass,Aerial Fortress,Press Proven,Bruiser"
239085,Erling Haaland,Norway,90,"Chip Shot,Power Shot,Precision Header,Acrobatic,Gamechanger,Enforcer"
252371,Jude Bellingham,England,90,"Low Driven Shot,Gamechanger,Inventive,Slide Tackle,Technical,First Touch"
192119,Thibaut Courtois,Belgium,89,"Far Throw,Rush Out"
202126,Harry Kane,England,89,"Precision Header,Low Driven Shot,Gamechanger,Long Ball Pass,First Touch"
212622,Joshua Kimmich,Germany,89,"Finesse Shot,Whipped Pass,Anticipate,Press Proven,Relentless"
212831,Alisson,Brazil,89,"Far Throw,Deflector"
230621,Gianluigi Donnarumma,Italy,89,Footwork
233419,Raphinha,Brazil,89,"Finesse Shot,Power Shot,Trickster,Quick Step,Relentless"
235212,Achraf Hakimi,Morocco,89,"Low Driven Shot,Whipped Pass,Jockey,Anticipate,Press Proven,Quick Step"
238794,Vini Jr.,Brazil,89,"Finesse Shot,Chip Shot,Gamechanger,Inventive,Rapid,First Touch"
239053,Federico Valverde,Uruguay,89,"Power Shot,Long Ball Pass,Intercept,Slide Tackle,Aerial Fortress,Rapid"
251854,Pedri,Spain,89,"Incisive Pass,Long Ball Pass,Tiki Taka,Technical,Relentless"
255253,Vitinha,Portugal,89,"Finesse Shot,Incisive Pass,Long Ball Pass,Tiki Taka,Intercept,Relentless"
256630,Florian Wirtz,Germany,89,"Finesse Shot,Chip Shot,Low Driven Shot,Inventive,Technical,First Touch"
277643,Lamine Yamal,Spain,89,"Finesse Shot,Gamechanger,Incisive Pass,Inventive,First Touch,Quick Step"
188545,Robert Lewandowski,Poland,88,"Finesse Shot,Power Shot,Precision Header,Low Driven Shot,Incisive Pass,First Touch"
200389,Jan Oblak,Slovenia,88,"Far Throw,Far Reach"
231478,Lautaro Martínez,Argentina,88,"Power Shot,Precision Header,Incisive Pass,Technical,Relentless,Enforcer"
232580,Gabriel,Brazil,88,Precision Header
233731,Alexander Isak,Sweden,88,"Power Shot,Low Driven Shot,Gamechanger,Rapid,First Touch"
246669,Bukayo Saka,England,88,"Finesse Shot,Technical"
256790,Jamal Musiala,Germany,88,"Precision Header,Low Driven Shot,Gamechanger,Incisive Pass,Inventive,Trickster"
177683,Yann Sommer,Switzerland,87,
192985,Kevin De Bruyne,Belgium,87,"Dead Ball,Incisive Pass,Pinged Pass,Inventive"
207865,Marquinhos,Brazil,87,"Jockey,Anticipate,Aerial Fortress"
212198,Bruno Fernandes,Portugal,87,"Dead Ball,Gamechanger,Incisive Pass,Long Ball Pass,Tiki Taka,Inventive"
213331,Jonathan Tah,Germany,87,"Precision Header,Aerial Fortress"
215441,Serhou Guirassy,Guinea,87,"Chip Shot,Precision Header,Acrobatic,Low Driven Shot,First Touch"
215698,Mike Maignan,France,87,"Long Ball Pass,Footwork,Deflector"
220901,David Raya,Spain,87,Footwork
222665,Martin Ødegaard,Norway,87,"Pinged Pass,Inventive,Technical,First Touch"
224232,Nicolò Barella,Italy,87,"Incisive Pass,Pinged Pass,Long Ball Pass,Jockey,Intercept,Press Proven"
228702,Frenkie de Jong,Holland,87,"Incisive Pass,Inventive,Press Proven"
232293,Victor Osimhen,Nigeria,87,"Chip Shot,Precision Header,Acrobatic,Gamechanger,Rapid"
234378,Declan Rice,England,87,"Dead Ball,Whipped Pass,Block,Intercept,Aerial Fortress,Press Proven,Relentless"
237383,Alessandro Bastoni,Italy,87,"Pinged Pass,Long Ball Pass,Whipped Pass,Block,Relentless"
239837,Alexis Mac Allister,Argentina,87,"Power Shot,Dead Ball,Gamechanger,Block,Press Proven"
241486,Jules Koundé,France,87,"Long Ball Pass,Slide Tackle,Aerial Fortress,Quick Step,Relentless"
241651,Viktor Gyökeres,Sweden,87,"Finesse Shot,Power Shot,Acrobatic,Low Driven Shot,Press Proven,Quick Step"
243715,William Saliba,France,87,"Long Ball Pass,Jockey"
246191,Julián Alvarez,Argentina,87,Finesse Shot
247635,Khvicha Kvaratskhelia,Georgia,87,"Finesse Shot,Gamechanger,Incisive Pass,Technical,Trickster"
256079,Moisés Caicedo,Ecuador,87,"Pinged Pass,Tiki Taka,Intercept,Anticipate,Press Proven,Relentless"
257534,Cole Palmer,England,87,"Finesse Shot,Low Driven Shot,Gamechanger,Incisive Pass,Technical,First Touch"
158023,Lionel Messi,Argentina,86,"Finesse Shot,Dead Ball,Gamechanger,Incisive Pass,Technical,Quick Step"
192448,Marc-André ter Stegen,Germany,86,"Long Ball Pass,Footwork,Rush Out"
205452,Antonio Rüdiger,Germany,86,"Long Ball Pass,Jockey,Block,Bruiser"
208128,Hakan Çalhanoğlu,Turkey,86,"Dead Ball,Long Ball Pass,Inventive,Technical,First Touch,Relentless"
211110,Paulo Dybala,Argentina,86,"Finesse Shot,Dead Ball,Incisive Pass,Inventive,Technical,First Touch"
231281,Trent Alexander-Arnold,England,86,"Dead Ball,Incisive Pass,Long Ball Pass,Relentless"
235073,Gregor Kobel,Switzerland,86,"Far Throw,Deflector"
237678,Ibrahima Konaté,France,86,"Aerial Fortress,Bruiser"
239818,Rúben Dias,Portugal,86,Long Ball Pass
240638,Tijjani Reijnders,Holland,86,"Finesse Shot,Power Shot,Incisive Pass,Technical"
241096,Sandro Tonali,Italy,86,"Slide Tackle,Relentless,Enforcer"
247827,Michael Olise,France,86,"Finesse Shot,Whipped Pass,Inventive,Technical"
247851,Bruno Guimarães,Brazil,86,"Gamechanger,Incisive Pass,Long Ball Pass,Press Proven,Relentless"
252145,Nuno Mendes,Portugal,86,"Pinged Pass,Whipped Pass,Jockey,Anticipate,Rapid"
256196,Willian Pacho,Ecuador,86,"Jockey,Block,Anticipate"
256516,Nico Williams,Spain,86,"Finesse Shot,Gamechanger,Inventive,Quick Step,Relentless"
20801,Cristiano Ronaldo,Portugal,85,"Precision Header,Acrobatic,Low Driven Shot,Gamechanger,Aerial Fortress,Trickster"
165153,Karim Benzema,France,85,"Finesse Shot,Gamechanger,Incisive Pass,First Touch,Relentless"
185122,Péter Gulácsi,Hungary,85,Footwork
193080,De Gea,Spain,85,"Far Throw,Footwork"
194765,Antoine Griezmann,France,85,"Finesse Shot,Gamechanger,Incisive Pass,Long Ball Pass,Inventive,Technical"
199503,Granit Xhaka,Switzerland,85,"Finesse Shot,Power Shot,Incisive Pass,Aerial Fortress,Bruiser"
200104,Heung Min Son,Korea Republic,85,"Low Driven Shot,Gamechanger,Whipped Pass,First Touch"
202811,Emiliano Martínez,Argentina,85,"Footwork,Rush Out"
204525,Iñigo Martínez,Spain,85,"Long Ball Pass,Slide Tackle"
204963,Carvajal,Spain,85,"Whipped Pass,Block,Relentless"
210257,Ederson,Brazil,85,"Pinged Pass,Cross Claimer"
215914,N'Golo Kanté,France,85,"Press Proven,Relentless"
216393,Youri Tielemans,Belgium,85,"Power Shot,Incisive Pass,Press Proven"
226268,Federico Dimarco,Italy,85,"Finesse Shot,Power Shot,Dead Ball,Low Driven Shot,Whipped Pass,First Touch"
226271,Fabián Ruiz,Spain,85,"Finesse Shot,Long Ball Pass,Tiki Taka,First Touch"
228093,Marcus Thuram,France,85,"Precision Header,Aerial Fortress,Rapid"
229558,Dayot Upamecano,France,85,"Pinged Pass,Long Ball Pass,Jockey,Bruiser"
230869,Unai Simón,Spain,85,"Pinged Pass,Footwork,Rush Out"
234236,Patrik Schick,Czech Republic,85,"Precision Header,Acrobatic,Low Driven Shot"
237238,Scott McTominay,Scotland,85,"Precision Header,Low Driven Shot,Incisive Pass,Aerial Fortress,Technical,Enforcer"
237692,Phil Foden,England,85,"Low Driven Shot,Gamechanger,Inventive,Technical,First Touch"
239580,Bremer,Brazil,85,"Precision Header,Long Ball Pass,Block,Aerial Fortress,Bruiser"
241084,Luis Díaz,Colombia,85,"Low Driven Shot,Inventive,Technical,Quick Step"
243014,Bryan Mbeumo,Cameroon,85,"Inventive,Rapid,First Touch,Quick Step"
243812,Rodrygo,Brazil,85,"Finesse Shot,Dead Ball,Gamechanger,Inventive,Technical"
244260,Dani Olmo,Spain,85,"Finesse Shot,Gamechanger,Incisive Pass,Tiki Taka,Technical,First Touch"
246104,Ryan Gravenberch,Holland,85,"Intercept,Press Proven"
247819,Nico Schlotterbeck,Germany,85,"Long Ball Pass,Jockey,Block,Anticipate,Long Throw"
271421,Désiré Doué,France,85,"Gamechanger,Inventive,First Touch,Press Proven,Quick Step"
272834,João Neves,Portugal,85,"Long Ball Pass,Tiki Taka,Aerial Fortress,Relentless"
167495,Manuel Neuer,Germany,84,"Long Ball Pass,Far Throw"
186153,Wojciech Szczęsny,Poland,84,Far Throw
192505,Romelu Lukaku,Belgium,84,"Power Shot,Low Driven Shot,Incisive Pass,Press Proven,Enforcer"
197781,Isco,Spain,84,"Finesse Shot,Dead Ball,Gamechanger,Incisive Pass,Inventive,Technical"
198176,Stefan de Vrij,Holland,84,Bruiser
199845,Francesco Acerbi,Italy,84,"Precision Header,Long Ball Pass,Slide Tackle,Aerial Fortress,Bruiser"
204485,Riyad Mahrez,Algeria,84,"Finesse Shot,Dead Ball,Low Driven Shot,Incisive Pass,Inventive,Technical,First Touch"
204638,Willi Orban,Hungary,84,"Aerial Fortress,Bruiser"
204935,Jordan Pickford,England,84,"Long Ball Pass,Far Throw,Footwork"
210035,Grimaldo,Spain,84,"Finesse Shot,Dead Ball,Inventive,First Touch"
210514,João Cancelo,Portugal,84,"Whipped Pass,Inventive,Block,Technical,First Touch"
212616,Rodrigo De Paul,Argentina,84,"Finesse Shot,Incisive Pass,Long Ball Pass,Technical"
216549,Alexander Sørloth,Norway,84,"Power Shot,Precision Header,Low Driven Shot,Gamechanger,Enforcer"
218667,Bernardo Silva,Portugal,84,"Low Driven Shot,Gamechanger,Whipped Pass,Technical,Relentless"
220502,Mattia Zaccagni,Italy,84,"Finesse Shot,Dead Ball,Gamechanger,Incisive Pass,Inventive,Intercept,Technical"
220697,James Maddison,England,84,"Finesse Shot,Dead Ball,Gamechanger,Incisive Pass,Whipped Pass,Inventive"
221697,Ollie Watkins,England,84,"Chip Shot,Precision Header,Low Driven Shot,Relentless"
222077,Manuel Locatelli,Italy,84,"Long Ball Pass,Inventive,Jockey,Block,Anticipate,Aerial Fortress,Relentless"
223848,Sergej Milinković-Savić,Serbia,84,"Dead Ball,Precision Header,Incisive Pass,Pinged Pass,Inventive,Aerial Fortress,First Touch"
224293,Rúben Neves,Portugal,84,"Dead Ball,Long Ball Pass,Whipped Pass,Inventive,Intercept,Aerial Fortress"
226161,Marcos Llorente,Spain,84,"Power Shot,Whipped Pass,Rapid,Quick Step,Relentless"
226851,Benjamin Pavard,France,84,
227796,Christian Pulisic,United States,84,"Dead Ball,Low Driven Shot,Incisive Pass,Quick Step"
230899,Ademola Lookman,Nigeria,84,"Dead Ball,Low Driven Shot,Gamechanger,First Touch,Quick Step"
231521,Exequiel Palacios,Argentina,84,Anticipate
232656,Theo Hernández,France,84,"Dead Ball,Block,Anticipate,Rapid,Quick Step,Bruiser"
233096,Denzel Dumfries,Holland,84,"Precision Header,Rapid,Quick Step,Long Throw"
234396,Alphonso Davies,Canada,84,"Rapid,Quick Step"
234577,Diogo Costa,Portugal,84,"Long Ball Pass,Far Throw,Rush Out"
239231,Marc Cucurella,Spain,84,"Jockey,Block,Press Proven,Relentless"
240130,Éder Militão,Brazil,84,"Precision Header,Block,Intercept,Aerial Fortress"
241637,Aurélien Tchouaméni,France,84,"Precision Header,Jockey,Intercept,Anticipate,Aerial Fortress,Relentless,Bruiser"
241721,Rafael Leão,Portugal,84,"Gamechanger,Incisive Pass,Rapid,Trickster,Quick Step"
241852,Moussa Diaby,France,84,"Inventive,Rapid,First Touch"
242516,Cody Gakpo,Holland,84,"Finesse Shot,Precision Header,Whipped Pass,First Touch,Press Proven"
244675,Sancet,Spain,84,"Finesse Shot,Precision Header,Technical,First Touch"
245367,Xavi Simons,Holland,84,"Finesse Shot,Incisive Pass,Tiki Taka,Inventive,Technical,First Touch"
247090,Enzo Fernández,Argentina,84,"First Touch,Press Proven,Relentless"
248550,Vivian,Spain,84,"Long Ball Pass,Intercept"
251517,Joško Gvardiol,Croatia,84,"Low Driven Shot,Pinged Pass,Jockey"
252154,Marco Carnesecchi,Italy,84,Rush Out
256675,Omar Marmoush,Egypt,84,"Finesse Shot,Dead Ball,Technical"
257279,Álex Baena,Spain,84,"Dead Ball,Incisive Pass,Long Ball Pass,Tiki Taka,Inventive,Technical,First Touch"
262621,Giorgi Mamardashvili,Georgia,84,"Far Throw,Footwork,Cross Claimer"
264652,Bradley Barcola,France,84,"Finesse Shot,Gamechanger,Rapid"
177003,Luka Modrić,Croatia,83,"Incisive Pass,Long Ball Pass,Whipped Pass,Technical"
186942,İlkay Gündoğan,Germany,83,"Tiki Taka,First Touch,Press Proven"
192629,Iago Aspas,Spain,83,"Finesse Shot,Chip Shot,Dead Ball,Low Driven Shot,Incisive Pass"
192883,Henrikh Mkhitaryan,Armenia,83,"Incisive Pass,Inventive,Jockey,Anticipate,Technical,Relentless"
193698,Oliver Baumann,Germany,83,"Footwork,Deflector"
199641,Matz Sels,Belgium,83,Far Reach
207410,Mateo Kovačić,Croatia,83,"Incisive Pass,Press Proven"
207421,Leandro Trossard,Belgium,83,Whipped Pass
208722,Sadio Mané,Senegal,83,"Low Driven Shot,Gamechanger,Aerial Fortress,Rapid"

208920,Nathan Aké,Holland,83,
209989,Thomas Partey,Ghana,83,"Pinged Pass,Press Proven,Long Throw"
210008,Adrien Rabiot,France,83,"Precision Header,First Touch,Press Proven"
212194,Julian Brandt,Germany,83,"Dead Ball,Incisive Pass,Tiki Taka,Inventive,Technical,First Touch"
213345,Kingsley Coman,France,83,"First Touch,Quick Step"
215590,Ayoze,Spain,83,"Acrobatic,Low Driven Shot,Gamechanger,Incisive Pass,Technical"
216201,Iñaki Williams,Ghana,83,"Finesse Shot,Power Shot,Low Driven Shot,Rapid,Quick Step"
216435,Stanislav Lobotka,Slovakia,83,"Long Ball Pass,Inventive,Anticipate,Technical,First Touch,Relentless"
216460,José María Giménez,Uruguay,83,"Precision Header,Long Ball Pass,Slide Tackle"
217870,Giovanni Di Lorenzo,Italy,83,"Long Ball Pass,First Touch,Relentless"
223959,Lucas Torreira,Uruguay,83,"Long Ball Pass,Tiki Taka,Jockey,Intercept,Anticipate,Slide Tackle,Relentless"
224371,Jarrod Bowen,England,83,"Precision Header,Low Driven Shot,Gamechanger,Technical"
225193,Mikel Merino,Spain,83,"Power Shot,Precision Header,Aerial Fortress,Relentless"
227127,Álex Remiro,Spain,83,"Long Ball Pass,Far Throw,Footwork"
228813,Aleix García,Spain,83,"Dead Ball,Long Ball Pass,Tiki Taka,Inventive"
229391,Palhinha,Portugal,83,Slide Tackle
229582,Gianluca Mancini,Italy,83,"Precision Header,Intercept,Anticipate,Bruiser"
231936,Benjamin White,England,83,Block
233486,Robin Le Normand,Spain,83,"Slide Tackle,Aerial Fortress"
235794,Eberechi Eze,England,83,"Finesse Shot,Power Shot,Dead Ball,Gamechanger,Inventive,Technical,First Touch"
236610,Moise Kean,Italy,83,"Chip Shot,Gamechanger,Rapid"
236772,Dominik Szoboszlai,Hungary,83,"Power Shot,Whipped Pass,Technical"
236987,Boubacar Kamara,France,83,Block
238095,Nikola Milenković,Serbia,83,"Long Ball Pass,Anticipate,Aerial Fortress"
240243,Matheus Cunha,Brazil,83,"Power Shot,Dead Ball,Inventive,First Touch,Trickster"
240950,Pedro Gonçalves,Portugal,83,"Finesse Shot,Dead Ball,Incisive Pass,Tiki Taka,Whipped Pass,Inventive,Technical"
241461,Ferran Torres,Spain,83,"Finesse Shot,Technical"
241850,Mateo Retegui,Italy,83,"Precision Header,Low Driven Shot,First Touch,Enforcer"
242458,Artem Dovbyk,Ukraine,83,
242964,Anthony Gordon,England,83,"Finesse Shot,Whipped Pass,Rapid,Quick Step"
243580,Loïs Openda,Belgium,83,"Finesse Shot,Acrobatic,Low Driven Shot,Rapid,Quick Step"
244263,Amir Rrahmani,Kosovo,83,"Long Ball Pass,Block,Slide Tackle,Aerial Fortress"
244669,Morten Hjulmand,Denmark,83,"Jockey,Block,Anticipate,Relentless"
247103,Dávid Hancko,Slovakia,83,"Precision Header,Long Ball Pass,Jockey,Anticipate"
247394,Dejan Kulusevski,Sweden,83,"Finesse Shot,Whipped Pass,Press Proven,Relentless"
248148,Zubimendi,Spain,83,"Intercept,Aerial Fortress"
248243,Eduardo Camavinga,France,83,"Jockey,Block,Technical,Bruiser"
250959,Angelo Stiller,Germany,83,"Incisive Pass,Long Ball Pass,Press Proven"
251752,Lucas Chevalier,France,83,"Footwork,Rush Out"
253149,Jeremie Frimpong,Holland,83,"Slide Tackle,Rapid,Quick Step"
253163,Ronald Araujo,Uruguay,83,"Precision Header,Jockey,Block,Anticipate,Slide Tackle,Aerial Fortress"
256197,Piero Hincapié,Ecuador,83,"Jockey,Block"
257289,Hugo Ekitiké,France,83,"Finesse Shot,Chip Shot,Technical"
259532,Joan García,Spain,83,Cross Claimer
263578,Balde,Spain,83,"Jockey,Anticipate,Quick Step"
264240,Gavi,Spain,83,"Tiki Taka,Slide Tackle,Press Proven,Relentless"
278016,Murillo,Brazil,83,"Long Ball Pass,Block,Intercept,Bruiser"
183898,Ángel Di María,Argentina,82,"Finesse Shot,Chip Shot,Incisive Pass,Long Ball Pass,Inventive,Technical,Trickster"
188335,Ante Budimir,Croatia,82,"Precision Header,Enforcer"
189513,Parejo,Spain,82,"Pinged Pass,Long Ball Pass,Aerial Fortress,Press Proven"
192123,Chris Wood,New Zealand,82,"Precision Header,Aerial Fortress,Enforcer"
192318,Mario Götze,Germany,82,"Incisive Pass,Tiki Taka,First Touch"
192366,Nicolás Otamendi,Argentina,82,"Precision Header,Jockey,Intercept,Anticipate,Slide Tackle,Aerial Fortress,Bruiser"
192984,Koen Casteels,Belgium,82,"Long Ball Pass,Footwork,Rush Out"
197445,David Alaba,Austria,82,"Dead Ball,Anticipate"
200724,Nacho Fernández,Spain,82,"Long Ball Pass,Block"
201024,Kalidou Koulibaly,Senegal,82,"Long Ball Pass,Block,Anticipate,Aerial Fortress,Bruiser"
203574,John Stones,England,82,Long Throw
206113,Serge Gnabry,Germany,82,"Gamechanger,Technical"
207862,Matthias Ginter,Germany,82,"Pinged Pass,Aerial Fortress"
208333,Emre Can,Germany,82,"Pinged Pass,Long Ball Pass,Slide Tackle,Press Proven"
209499,Fabinho,Brazil,82,"Power Shot,Block,Slide Tackle,Aerial Fortress,Press Proven,Bruiser"
209658,Leon Goretzka,Germany,82,"Power Shot,Precision Header,Incisive Pass,Aerial Fortress,Bruiser"
209981,Yassine Bounou,Morocco,82,"Far Throw,Footwork,Cross Claimer"
210047,Fabian Schär,Switzerland,82,"Power Shot,Precision Header,Long Ball Pass,Intercept"
210411,Otávio,Portugal,82,"Incisive Pass,Pinged Pass,Tiki Taka,Technical,First Touch,Relentless"
210413,Alessio Romagnoli,Italy,82,"Anticipate,Aerial Fortress,Bruiser"
210602,Salem Al Dawsari,Saudi Arabia,82,"Finesse Shot,Acrobatic,Whipped Pass,Inventive,Technical,First Touch,Relentless"
210935,Domenico Berardi,Italy,82,"Finesse Shot,Dead Ball,Gamechanger,Incisive Pass,Long Ball Pass,Inventive,Technical"
212218,Aymeric Laporte,Spain,82,"Precision Header,Pinged Pass,Long Ball Pass,Jockey,Aerial Fortress"
213648,Pierre-Emile Højbjerg,Denmark,82,"Intercept,Relentless"
215316,Gerónimo Rulli,Argentina,82,Footwork
215333,Duván Zapata,Colombia,82,"Power Shot,Precision Header,Aerial Fortress,Press Proven,Enforcer"
216267,Andrew Robertson,Scotland,82,Whipped Pass
216547,Rafa,Portugal,82,"Acrobatic,Inventive,Rapid,First Touch,Quick Step"
220793,Davinson Sánchez,Colombia,82,"Precision Header,Slide Tackle,Aerial Fortress,Bruiser"
222492,Leroy Sané,Germany,82,"Power Shot,Gamechanger,Rapid,Quick Step"
222737,Malcom,Brazil,82,"Dead Ball,Low Driven Shot,Incisive Pass,Whipped Pass,Inventive,Rapid,Relentless"
223334,Joelinton,Brazil,82,"Aerial Fortress,Press Proven,Relentless,Bruiser,Enforcer"
224987,Ivan Provedel,Italy,82,"Long Ball Pass,Footwork,Deflector"
225116,Alex Meret,Italy,82,
225201,Álex Berenguer,Spain,82,"Finesse Shot,Rapid"
225375,Konrad Laimer,Austria,82,"Block,Relentless,Bruiser"
226226,Giovani Lo Celso,Argentina,82,"Finesse Shot,Dead Ball,Incisive Pass,Technical"
227236,André-Franck Zambo Anguissa,Cameroon,82,"Precision Header,Aerial Fortress,Press Proven,Relentless"
227647,Maximilian Mittelstädt,Germany,82,"Whipped Pass,Intercept,Slide Tackle"
227678,Ezri Konsa,England,82,"Jockey,Anticipate,Slide Tackle"
229188,Vangelis Pavlidis,Greece,82,"Chip Shot,Acrobatic,Gamechanger,Technical,Relentless"
229237,Manuel Akanji,Switzerland,82,Long Ball Pass
229261,Denis Zakaria,Switzerland,82,"Precision Header,Intercept,Anticipate"
229348,Antonee Robinson,United States,82,"Long Ball Pass,Whipped Pass,Jockey,Intercept,Rapid,Relentless"
229476,Waldemar Anton,Germany,82,"Pinged Pass,Slide Tackle,Aerial Fortress"
230142,Oyarzabal,Spain,82,Technical
230872,Mile Svilar,Serbia,82,"Cross Claimer,Rush Out"
231410,Brahim,Morocco,82,"Incisive Pass,Tiki Taka,Technical,First Touch"
231416,Dodi Lukébakio,Belgium,82,"Gamechanger,Technical"
232488,Cristian Romero,Argentina,82,"Precision Header,Slide Tackle,Aerial Fortress,Bruiser"
232639,Ritsu Doan,Japan,82,"Precision Header,Inventive,Technical,First Touch"
233556,Riccardo Orsolini,Italy,82,"Finesse Shot,Low Driven Shot,Gamechanger,Technical"
234824,Yoane Wissa,Congo DR,82,"Acrobatic,Low Driven Shot,Gamechanger,Rapid"
235243,Matthijs de Ligt,Holland,82,"Power Shot,Block,Bruiser"
235410,Youssef En-Nesyri,Morocco,82,"Precision Header,Aerial Fortress,Rapid,Quick Step,Relentless"
235790,Kai Havertz,Germany,82,"Chip Shot,Precision Header,Gamechanger,Technical,First Touch,Enforcer"
236015,Morgan Gibbs-White,England,82,"Incisive Pass,Inventive,Aerial Fortress,Technical,Relentless"
236461,Jean-Philippe Mateta,France,82,"Low Driven Shot,Gamechanger,Enforcer"
236496,Mattéo Guendouzi,France,82,"Incisive Pass,Tiki Taka,Jockey,Block,Anticipate,First Touch,Relentless"
236532,Robin Koch,Germany,82,"Precision Header,Aerial Fortress"
236703,David Raum,Germany,82,"Dead Ball,Whipped Pass,Rapid"
237086,Kim Min Jae,Korea Republic,82,"Long Ball Pass,Block,Intercept,Slide Tackle,Aerial Fortress"
237681,Takefusa Kubo,Japan,82,"Finesse Shot,Low Driven Shot,Gamechanger,Inventive,Technical,First Touch"
240091,Guglielmo Vicario,Italy,82,Footwork
241159,Marc Guéhi,England,82,"Long Ball Pass,Jockey,Block,Anticipate"
243241,Alessandro Buongiorno,Italy,82,"Block,Intercept"
243245,Orkun Kökçü,Turkey,82,"Finesse Shot,Power Shot,Dead Ball,Incisive Pass"
243576,Pedro Porro,Spain,82,"Power Shot,Long Ball Pass,Tiki Taka,Whipped Pass,Block,Relentless"
243630,Jonathan David,Canada,82,"Low Driven Shot,Press Proven,Quick Step,Relentless"
244257,Jonathan Burkardt,Germany,82,Finesse Shot
244778,Trincão,Portugal,82,"Finesse Shot,Low Driven Shot,Incisive Pass,Inventive,Technical,First Touch,Trickster"
246147,Mason Greenwood,England,82,"Finesse Shot,Power Shot,Low Driven Shot,Gamechanger,Technical"
246430,Dušan Vlahović,Serbia,82,"Finesse Shot,Chip Shot,Dead Ball,Low Driven Shot,Gamechanger,Press Proven,Enforcer"
246863,Felix Nmecha,Germany,82,"Block,Aerial Fortress,Press Proven,Bruiser"
247257,Ibañez,Brazil,82,"Precision Header,Long Ball Pass,Jockey,Block,Intercept,Slide Tackle,Aerial Fortress"
251470,Charles De Ketelaere,Belgium,82,"Precision Header,Low Driven Shot,Incisive Pass,Inventive,Aerial Fortress,Technical"
251805,Jurriën Timber,Holland,82,"Jockey,Press Proven"
251809,Sven Botman,Holland,82,"Long Ball Pass,Jockey,Bruiser"
255565,Kaoru Mitoma,Japan,82,"Finesse Shot,Technical,First Touch,Quick Step"
256853,Malik Tillman,United States,82,"Power Shot,Incisive Pass,Inventive,Technical,First Touch"
260247,Morgan Rogers,England,82,"Incisive Pass,Technical,Enforcer"
260908,Milos Kerkez,Hungary,82,"Whipped Pass,Slide Tackle,Rapid"
264453,Micky van de Ven,Holland,82,"Block,Slide Tackle"
266866,Éderson,Brazil,82,"Precision Header,Incisive Pass,Long Ball Pass,Intercept,Anticipate,Aerial Fortress,Relentless"
270409,Savinho,Brazil,82,"Whipped Pass,Inventive,Technical,First Touch"
272449,Pablo Barrios,Spain,82,"Aerial Fortress,Relentless"
278046,Pau Cubarsí,Spain,82,Long Ball Pass
278349,Dean Huijsen,Spain,82,"Long Ball Pass,Block,Slide Tackle,Aerial Fortress"
180930,Edin Džeko,Bosnia and Herzegovina,81,"Finesse Shot,Low Driven Shot,Incisive Pass,Technical"
181458,Ivan Perišić,Croatia,81,"Dead Ball,Gamechanger,Whipped Pass,Inventive"
184392,Matteo Darmian,Italy,81,
188567,Pierre-Emerick Aubameyang,Gabon,81,"Finesse Shot,Chip Shot,Precision Header,Rapid"
188943,Kevin Trapp,Germany,81,"Far Throw,Footwork"
190941,Lukáš Hrádecký,Finland,81,Footwork
193747,Koke,Spain,81,"Long Ball Pass,Relentless"
200888,Danilo Pereira,Portugal,81,"Precision Header,Pinged Pass,Long Ball Pass,Intercept,Bruiser"
201153,Morata,Spain,81,"Finesse Shot,Rapid,Relentless,Enforcer"
201399,Mauro Icardi,Argentina,81,"Low Driven Shot,Gamechanger,Incisive Pass,Aerial Fortress"
202024,Remo Freuler,Switzerland,81,"Block,Intercept,Anticipate,Relentless"
202648,Sergi Darder,Spain,81,"Power Shot,Dead Ball,Incisive Pass,Pinged Pass,Long Ball Pass,Inventive,Press Proven"
203841,Nick Pope,England,81,Footwork
206085,Jacob Murphy,England,81,Whipped Pass
208093,Gerard Moreno,Spain,81,"Finesse Shot,Power Shot"
208418,Yannick Carrasco,Belgium,81,"Gamechanger,Whipped Pass,Technical"
208461,Marten de Roon,Holland,81,"Long Ball Pass,Intercept,Aerial Fortress,Relentless"
208574,Filip Kostić,Serbia,81,"Whipped Pass,Rapid"
210385,Rui Silva,Portugal,81,"Footwork,Deflector"
210676,Wladimiro Falcone,Italy,81,"Footwork,Rush Out"
210881,John McGinn,Scotland,81,"Press Proven,Relentless,Enforcer"
211688,Gayà,Spain,81,"Anticipate,Technical"
212190,Niklas Süle,Germany,81,"Pinged Pass,Long Ball Pass,Intercept,Anticipate,Slide Tackle,Bruiser"
212228,Ivan Toney,England,81,Bruiser
212242,Robert Andrich,Germany,81,"Power Shot,Relentless,Bruiser"
212523,Anderson Talisca,Brazil,81,"Finesse Shot,Precision Header,Acrobatic"
213516,Ricardo Horta,Portugal,81,"Finesse Shot,Power Shot,Pinged Pass,Tiki Taka,First Touch"
214096,Tim Kleindienst,Germany,81,"Precision Header,Aerial Fortress,Relentless"
216352,Marcelo Brozović,Croatia,81,"Long Ball Pass,Press Proven,Relentless"
216354,Andrej Kramarić,Croatia,81,"Finesse Shot,Chip Shot,Gamechanger,Incisive Pass,Technical,First Touch"
216409,Matteo Politano,Italy,81,"Dead Ball,Gamechanger,Long Ball Pass,Whipped Pass,Inventive,Technical"
219683,Corentin Tolisso,France,81,"Precision Header,Aerial Fortress,First Touch,Relentless"
220814,Lucas Hernández,France,81,"Slide Tackle,Bruiser"
222509,Dani Ceballos,Spain,81,"Whipped Pass,Jockey,Intercept,Technical"
223885,Alexander Nübel,Germany,81,"Footwork,Deflector"
223952,David Soria,Spain,81,"Long Ball Pass,Footwork"
225309,Nadiem Amiri,Germany,81,"Finesse Shot,Dead Ball,Gamechanger,Pinged Pass,Technical"
228618,Ferland Mendy,France,81,"Block,Rapid"
228805,Raíllo,Spain,81,"Precision Header,Intercept,Aerial Fortress"
230670,Lucas Perri,Brazil,81,Far Throw
231652,Simon Banza,Congo DR,81,"Acrobatic,Aerial Fortress,First Touch,Press Proven"
232363,Milan Škriniar,Slovakia,81,"Jockey,Bruiser"
232411,Christopher Nkunku,France,81,"Finesse Shot,Technical,First Touch"
232498,Isi,Spain,81,"Rapid,First Touch"
232756,Fikayo Tomori,England,81,Bruiser
233306,Dean Henderson,England,81,Footwork
234060,Yangel Herrera,Venezuela,81,"Precision Header,Incisive Pass,Aerial Fortress"
235805,Federico Chiesa,Italy,81,"Finesse Shot,Rapid,Quick Step"
235840,Michele Di Gregorio,Italy,81,Footwork
235944,Brais Méndez,Spain,81,"Finesse Shot,Dead Ball,Tiki Taka,Technical"
236403,Evan Ndicka,Côte d'Ivoire,81,"Block,Slide Tackle,Bruiser"
236632,David Neres,Brazil,81,"Power Shot,Gamechanger,Whipped Pass,Inventive,Technical,Trickster,Quick Step"
237646,Daniel Muñoz,Colombia,81,"Jockey,Anticipate,Rapid,Relentless"
237679,Randal Kolo Muani,France,81,"Finesse Shot,Technical,Rapid,Quick Step"
238074,Reece James,England,81,"Whipped Pass,Jockey,Bruiser"
238216,Conor Gallagher,England,81,"Block,Intercept,Relentless"
239301,Lisandro Martínez,Argentina,81,"Intercept,Slide Tackle,Bruiser"
239482,Galeno,Brazil,81,"Rapid,First Touch,Quick Step,Relentless"
239807,Davide Frattesi,Italy,81,Technical
240679,Teun Koopmeiners,Holland,81,Dead Ball
242641,Rayan Aït-Nouri,Algeria,81,"Jockey,First Touch,Trickster"
242835,Leonardo Balerdi,Argentina,81,"Jockey,Intercept,Anticipate,Aerial Fortress"
243854,Mohamed Simakan,France,81,"Jockey,Bruiser"
243952,Andriy Lunin,Ukraine,81,Footwork
244749,Nayef Aguerd,Morocco,81,"Precision Header,Long Ball Pass,Anticipate"
245630,Youssouf Fofana,France,81,"Incisive Pass,Jockey,Anticipate,Relentless"
247246,Khéphren Thuram,France,81,"Pinged Pass,Press Proven,Relentless"
247263,Edmond Tapsoba,Burkina Faso,81,"Precision Header,Pinged Pass,Long Ball Pass"
247679,Victor Boniface,Nigeria,81,"Power Shot,Aerial Fortress,Enforcer"
251566,Gabriel Martinelli,Brazil,81,"Finesse Shot,Inventive,Quick Step"
251570,Rayan Cherki,France,81,"Chip Shot,Low Driven Shot,Incisive Pass,Inventive,Technical,First Touch"
251852,Karim Adeyemi,Germany,81,Rapid
253396,Giuliano Simeone,Argentina,81,Rapid
255475,Antony,Brazil,81,"Finesse Shot,Technical,Trickster"
257179,Gonçalo Inácio,Portugal,81,"Pinged Pass,Long Ball Pass,Jockey"
257470,Anthony Elanga,Sweden,81,"Low Driven Shot,Rapid,Quick Step,Enforcer"
258648,Carlos Augusto,Brazil,81,"Aerial Fortress,Relentless"
259516,Johnny Cardoso,United States,81,"Precision Header,Intercept,Aerial Fortress"
261865,Miguel Gutiérrez,Spain,81,Low Driven Shot
264309,Arda Güler,Turkey,81,"Finesse Shot,Incisive Pass,Whipped Pass,Inventive,Technical"
272500,Carlos Baleba,Cameroon,81,"Power Shot,Aerial Fortress,Technical"
73562,Bento,Brazil,80,Deflector
186345,Kieran Trippier,England,80,"Dead Ball,Long Ball Pass,Whipped Pass,Long Throw"
189511,Sergio Busquets,Spain,80,"Incisive Pass,Long Ball Pass,Anticipate,Press Proven"
189596,Thomas Müller,Germany,80,Precision Header
189881,Chris Smalling,England,80,Jockey
190674,Benjamin André,France,80,"Precision Header,Long Ball Pass,Intercept,Aerial Fortress"
190765,Pascal Groß,Germany,80,"Dead Ball,Incisive Pass,Long Ball Pass,Whipped Pass"
192563,Bernd Leno,Germany,80,"Footwork,Rush Out"
200145,Casemiro,Brazil,80,"Long Ball Pass,Block,Slide Tackle,Aerial Fortress,Bruiser"
200155,Hans Vanaken,Belgium,80,"Precision Header,Incisive Pass,Long Ball Pass,Inventive,Aerial Fortress,Press Proven"
200458,Lucas Digne,France,80,"Whipped Pass,Long Throw"
201269,Frederik Rønnow,Denmark,80,Cross Claimer
202695,James Tarkowski,England,80,"Long Ball Pass,Block,Intercept,Aerial Fortress"
203263,Harry Maguire,England,80,Aerial Fortress
203980,Konstantinos Fortounis,Greece,80,"Incisive Pass,Inventive,Technical,First Touch"
204883,Brice Samba,France,80,"Long Ball Pass,Footwork"
204923,Marcel Sabitzer,Austria,80,"Power Shot,Pinged Pass"
205157,Ruiz de Galarreta,Spain,80,Press Proven
206517,Jack Grealish,England,80,"Finesse Shot,Inventive,First Touch"
208268,Bryan Cristante,Italy,80,"Precision Header,Aerial Fortress"
209297,Fred,Brazil,80,Inventive
209889,Raphaël Guerreiro,Portugal,80,"Tiki Taka,Intercept,Technical,First Touch"
210406,Piotr Zieliński,Poland,80,Technical
210697,Christian Nørgaard,Denmark,80,"Precision Header,Intercept,Aerial Fortress"
212096,Vincenzo Grifo,Italy,80,"Finesse Shot,Gamechanger,Incisive Pass,Whipped Pass"
212602,Diego Llorente,Spain,80,
213655,Alex Iwobi,Nigeria,80,"Gamechanger,Incisive Pass,Inventive,Technical,Relentless"
213661,Andreas Christensen,Denmark,80,
213666,Ruben Loftus-Cheek,England,80,"Aerial Fortress,Press Proven,Enforcer"
216447,Álvaro García,Spain,80,"Low Driven Shot,Intercept,Quick Step"
220440,Clément Lenglet,France,80,
220834,Marco Asensio,Spain,80,"Finesse Shot,Incisive Pass,Whipped Pass"
220876,Franck Honorat,France,80,"Power Shot,Whipped Pass,Technical"
223273,Mario Pašalić,Croatia,80,Aerial Fortress
223697,Robin Gosens,Germany,80,
224179,Borja Iglesias,Spain,80,Enforcer
224656,Ola Aina,Nigeria,80,"Quick Step,Long Throw"
225126,Ellyes Skhiri,Tunisia,80,"Intercept,Press Proven,Relentless"
225539,Dominic Solanke,England,80,"Precision Header,Acrobatic"
225953,Steven Bergwijn,Holland,80,"Power Shot,Gamechanger,Technical"
226110,Nicolas Pépé,Côte d'Ivoire,80,"Finesse Shot,Inventive,Technical"
226300,Uğurcan Çakır,Turkey,80,"Long Ball Pass,Far Throw,Footwork"
226753,André Onana,Cameroon,80,Rush Out
226754,Ismaël Bennacer,Algeria,80,"Incisive Pass,Tiki Taka,Technical"
227535,Rodrigo Bentancur,Uruguay,80,First Touch
228251,Lorenzo Pellegrini,Italy,80,"Finesse Shot,Press Proven"
228579,Benjamin Henrichs,Germany,80,"Incisive Pass,Jockey,Block,Slide Tackle,Bruiser"
229668,Mario Hermoso,Spain,80,"Long Ball Pass,Block,Slide Tackle,Aerial Fortress"
229880,Aaron Wan-Bissaka,Congo DR,80,"Block,Intercept,Anticipate,Rapid"
229905,Abdülkerim Bardakcı,Turkey,80,"Precision Header,Long Ball Pass,Intercept,Anticipate,Slide Tackle,Aerial Fortress,Bruiser"
230666,Gabriel Jesus,Brazil,80,"Technical,First Touch,Relentless"
230938,Franck Yannick Kessié,Côte d'Ivoire,80,"Power Shot,Press Proven,Relentless"
231591,Javi Galán,Spain,80,Anticipate
231677,Marcus Rashford,England,80,"Power Shot,Rapid,Quick Step"
231913,Fredrik Aursnes,Norway,80,"Low Driven Shot,Anticipate,First Touch,Press Proven,Relentless"
232665,Mauro Arambarri,Uruguay,80,"Precision Header,Aerial Fortress"
233049,Jadon Sancho,England,80,"Finesse Shot,Trickster"
233195,Xaver Schlager,Austria,80,"Incisive Pass,Jockey,Relentless,Bruiser"
233927,Lucas Paquetá,Brazil,80,"Long Ball Pass,Aerial Fortress,Technical,First Touch"
234569,Florentino,Portugal,80,"Precision Header,Pinged Pass,Intercept,Anticipate,Slide Tackle,Press Proven,Bruiser"
234579,Julian Quiñones,Mexico,80,"Chip Shot,Precision Header,Rapid"
234642,Édouard Mendy,Senegal,80,"Footwork,Cross Claimer"
234742,Harvey Barnes,England,80,Finesse Shot
235149,Jerdy Schouten,Holland,80,"Pinged Pass,Inventive,Intercept,Anticipate,Press Proven"
236401,Noussair Mazraoui,Morocco,80,"Jockey,Block,Anticipate,Technical"
236499,Douglas Luiz,Brazil,80,Press Proven
237712,Valentin Castellanos,Argentina,80,"Finesse Shot,Incisive Pass,Technical"
238616,Pedro Neto,Portugal,80,"Rapid,Quick Step"
238900,Ermedin Demirović,Bosnia and Herzegovina,80,"Finesse Shot,Relentless"
239093,Jonathan Clauss,France,80,"Dead Ball,Whipped Pass,Intercept,Anticipate,Relentless,Long Throw"
239380,Noa Lang,Holland,80,"Gamechanger,Incisive Pass,Technical,First Touch,Quick Step"
241236,Antoine Semenyo,Ghana,80,"Low Driven Shot,Aerial Fortress,Long Throw,Enforcer"
241464,Pau Torres,Spain,80,Pinged Pass
241508,Mikkel Damsgaard,Denmark,80,"Incisive Pass,Pinged Pass,Whipped Pass,Inventive,Technical"
241671,Dominik Livaković,Croatia,80,"Far Throw,Footwork"
241727,Predrag Rajković,Serbia,80,"Far Throw,Footwork"
242434,Curtis Jones,England,80,"Finesse Shot,Press Proven"
242816,Riqui Puig,Spain,80,"Finesse Shot,Incisive Pass,Long Ball Pass,Inventive,First Touch"
243586,Ayoub El Kaabi,Morocco,80,"Finesse Shot,Chip Shot"
243593,Armand Laurienté,France,80,"Finesse Shot,Gamechanger,Incisive Pass,Rapid,Trickster,Quick Step"
244176,Deniz Undav,Germany,80,"Finesse Shot,Chip Shot,Acrobatic,Low Driven Shot,Gamechanger,Incisive Pass"
245155,Mohammed Kudus,Ghana,80,First Touch
246172,Samuel Chukwueze,Nigeria,80,"Finesse Shot,Rapid,Quick Step"
246242,Boulaye Dia,Senegal,80,Low Driven Shot
246420,Jérémy Doku,Belgium,80,"Inventive,Trickster,Quick Step,Enforcer"
246875,Odilon Kossounou,Côte d'Ivoire,80,
250753,Anatoliy Trubin,Ukraine,80,Footwork
251479,Maxim De Cuyper,Belgium,80,"Long Ball Pass,Whipped Pass,Jockey,Press Proven"
251806,Quinten Timber,Holland,80,"Power Shot,Incisive Pass,Technical,Bruiser"
252802,Wilfried Singo,Côte d'Ivoire,80,"Precision Header,Intercept,Aerial Fortress,Rapid"
254243,Elliot Anderson,England,80,"Block,Aerial Fortress,Technical"
254796,Noni Madueke,England,80,"Low Driven Shot,Technical,Quick Step"
255654,Pierre Kalulu,France,80,Block
256612,Evanilson,Brazil,80,
256903,Gonçalo Ramos,Portugal,80,"Finesse Shot,Precision Header,Low Driven Shot,Aerial Fortress,Press Proven"
256948,Christos Tzolis,Greece,80,"Finesse Shot,Low Driven Shot,Incisive Pass,Rapid,Quick Step"
257278,Arthur Theate,Belgium,80,"Precision Header,Aerial Fortress"
258580,Kerem Aktürkoğlu,Turkey,80,"Finesse Shot,Gamechanger,Incisive Pass,Rapid,Quick Step,Relentless"
258908,Jan Paul van Hecke,Holland,80,"Long Ball Pass,Aerial Fortress"
259197,Nicolas Jackson,Senegal,80,"Low Driven Shot,Gamechanger,Technical"
259377,Yeremy Pino,Spain,80,Rapid
259583,Destiny Udogie,Italy,80,"Whipped Pass,Block,Quick Step"
259694,Mingueza,Spain,80,"Long Ball Pass,Long Throw,Bruiser"
259913,Georgiy Sudakov,Ukraine,80,"Incisive Pass,First Touch,Quick Step"
260592,Benjamin Šeško,Slovenia,80,"Power Shot,Precision Header,Acrobatic,Gamechanger,Aerial Fortress,Technical"
262118,Tino Livramento,England,80,Jockey
262138,Castello Lukeba,France,80,
262859,Levi Colwill,England,80,Block
263205,Barış Alper Yılmaz,Turkey,80,"Low Driven Shot,Aerial Fortress,Rapid,Quick Step,Relentless,Bruiser,Enforcer"
264697,Mohamed Amoura,Algeria,80,"Chip Shot,Acrobatic,Gamechanger,Rapid,Quick Step"
264862,Maghnes Akliouche,France,80,"Low Driven Shot,Inventive"
266127,Lewis Hall,England,80,"Whipped Pass,Block,Press Proven"
266872,Federico Gatti,Italy,80,"Slide Tackle,Bruiser"
268889,Álvaro Carreras,Spain,80,"Long Ball Pass,Relentless"
269493,Alexsandro,Brazil,80,"Block,Intercept,Anticipate,Aerial Fortress"
269626,Đorđe Petrović,Serbia,80,Footwork
270531,Ousmane Diomande,Côte d'Ivoire,80,"Precision Header,Long Ball Pass,Jockey,Block,Aerial Fortress,Bruiser"
270571,Gabriel Sara,Brazil,80,"Power Shot,Dead Ball,Incisive Pass,Long Ball Pass,Inventive"
270673,Warren Zaïre-Emery,France,80,"Tiki Taka,First Touch,Press Proven,Quick Step,Relentless"
271400,Igor Paixão,Brazil,80,"Gamechanger,Whipped Pass,Technical"
273018,Andrey Santos,Brazil,80,"Precision Header,Tiki Taka,Slide Tackle,Aerial Fortress"
277179,Fermín,Spain,80,Precision Header
73078,Kaishū Sano,Japan,79,Aerial Fortress
163587,Kasper Schmeichel,Denmark,79,"Long Ball Pass,Footwork,Deflector"
176580,Luis Suárez,Uruguay,79,"Gamechanger,Enforcer"
178509,Olivier Giroud,France,79,"Precision Header,Gamechanger,Aerial Fortress,Enforcer"
182494,Fernando Muslera,Uruguay,79,"Long Ball Pass,Far Throw,Cross Claimer,Rush Out"
183512,Yuri Berchiche,Spain,79,Slide Tackle
183711,Jordan Henderson,England,79,"Incisive Pass,Long Ball Pass,Anticipate"
188350,Marco Reus,Germany,79,"Finesse Shot,Chip Shot,Gamechanger,First Touch"
188377,Kyle Walker,England,79,"Power Shot,Jockey,Rapid,Long Throw"
189908,Łukasz Skorupski,Poland,79,Far Throw
190813,Stephan El Shaarawy,Italy,79,
192638,Marcos Alonso,Spain,79,
193301,Alexandre Lacazette,France,79,"Finesse Shot,Gamechanger,Technical"
